Auction Date,Branch Name,Stock Number,Year,Make,Model,Series Name,Current Bid,Title/Sale Document,Public,Primary Damage,Secondary Damage,Loss Type,New Inventory Time,Timed Auction,Vehicle Type,Vehicle Subtype,Odometer,ODO Status,Start Code,Air Bags,Key,Exterior Color,Interior Color,Engine,Fuel Type,Cylinders,Vin#,Market,Transmission Type,Seller,Drive Line Type,Body Style,Country of Origin,Offsite,Lane,Run,Aisle,Stall,Seller Type,ACV,Region
"Mon Dec 01, 8:30am CST",Chattanooga,43629198,2012,ACURA,MDX,TECHNOLOGY PACKAGE,$475 USD,Salvage,YES,Right Front,Left & Right Side,Collision,"Mon Dec 01, 12:44am CST",NO,SUVs,,"166,787 mi",,Run & Drive,Intact Airbags,Key Available,Gray,,"3.7L V-6 VVT, 300HP",Gasoline,6 Cyl,2HNYD2H33CH515800,IAA United States,Automatic,Tennessee Farmers Insurance,All-Wheel Drive,Sport Utility,Canada,NO,A,130,"SA ",5,Insurance,"$9,256 USD",West
"Mon Dec 01, 8:30am CST",Chattanooga,43319626,2012,ACURA,TL,3.5,$525 USD,Salvage,YES,Left Front,,Collision,"Mon Dec 01, 12:36am CST",NO,Automobiles,,"125,611 mi",,Run & Drive,Intact Airbags,Key Available,Black,,"3.5L V-6 VVT, 280HP",Gasoline,6 Cyl,19UUA8F50CA032155,IAA United States,Automatic,"Safeway Insurance ",Front Wheel Drive,Sedan,United States,NO,A,95,"SA ",21,Insurance,"$8,090 USD",West
"Mon Dec 01, 8:30am CST",Chattanooga,43684579,2013,AUDI,A5,2.0T PREMIUM,$275 USD,Clear,NO,Normal Wear & Tear,,,"Mon Dec 01, 12:46am CST",NO,Automobiles,,"176,959 mi",,Stationary,Intact Airbags,Key Available,Black,,"2.0L I-4 DI, DOHC, VVT, turbo, 211HP",Flexible Fuel,4 Cyl,WAULFAFR7DA044789,IAA United States,Automatic,,All-Wheel Drive,Coupe,Germany,NO,A,79,"SB ",33,Non-Insurance,"$4,050 USD",West
"Mon Dec 01, 8:30am CST",Chattanooga,43578550,2006,AUDI,A6,3.2,$225 USD,Clear,NO,Front End,,Other,"Mon Dec 01, 12:42am CST",NO,Automobiles,,"183,369 mi",,Run & Drive,Intact Airbags,Key Available,Silver,,"3.2L V-6 DI, DOHC, VVT, 255HP",Gasoline,6 Cyl,WAUDH74F86N138704,IAA United States,Automatic,TitleMax,All-Wheel Drive,Sedan,Germany,NO,A,6,"SB ",32,Non-Insurance,"$1,025 USD",West
"Mon Dec 01, 8:30am CST",Chattanooga,39686561,2010,AUTOCAR LLC,XPEDITOR," ",$425 USD,Salvage,YES,Front End,,Collision,"Mon Dec 01, 12:33am CST",NO,Heavy Duty Trucks,,1 mi,," ",,Key Available,White,,,Diesel,6 Cyl,5VCACLJF9AH209971,IAA United States,,,Rear Wheel Drive,Straight Truck,United States,NO,A,7,"SP ",16,Insurance,"$104,088 USD",West
"Mon Dec 01, 8:30am CST",Chattanooga,43394678,2011,BMW,750I," ",$25 USD,Clear,NO,Mechanical,Electrical,Other,"Mon Dec 01, 12:37am CST",NO,Automobiles,,"123,804 mi",,Stationary,Intact Airbags,Key Available,Gray,,4.4L V8 FI DOHC 32V NF4,Gasoline,8 Cyl,WBAKA8C51BCY36927,IAA United States,Automatic,,Rear Wheel Drive,Sedan,Germany,NO,A,91,"SB ",19,Non-Insurance,"$2,450 USD",West
"Mon Dec 01, 8:30am CST",Chattanooga,43454819,2013,BMW,X5,XDRIVE35I/XDRIVE35I PREMIUM/XDRIVE35I SPORT ACTIVITY,$275 USD,Salvage,YES,Left Side,All Over,Other,"Mon Dec 01, 12:39am CST",NO,SUVs,,"115,081 mi",,Run & Drive,Intact Airbags,Key Available,White,,"3.0L I-6 DI, DOHC, VVT, turbo, 300HP",Gasoline,6 Cyl,5UXZV4C5XD0B03098,IAA United States,Automatic,,All-Wheel Drive,Sport Utility,United States,NO,A,104,"SB ",30,Non-Insurance,"$9,286 USD",West
"Mon Dec 01, 8:30am CST",Chattanooga,43238007,2021,BUICK,ENCLAVE,AWD AVENIR,"$2,250 USD",Salvage,YES,Rear,Left Side,Collision,"Mon Dec 01, 12:35am CST",NO,SUVs,,"97,554 mi",,Run & Drive,Intact Airbags,Key Available,White,,"3.6L V-6 DI, DOHC, VVT, 310HP",Gasoline,6 Cyl,5GAEVCKW7MJ218612,IAA United States,Automatic,Tennessee Farmers Insurance,All-Wheel Drive,Utility,United States,NO,A,30,"SB ",20,Insurance,"$27,399 USD",West
"Mon Dec 01, 8:30am CST",Chattanooga,43670144,1997,BUICK,LESABRE,CUSTOM,$125 USD,Clear,NO,Undercarriage,All Over,Other,"Mon Dec 01, 12:45am CST",NO,Automobiles,,"203,386 mi",,Run & Drive,Intact Airbags,Key Available,Cream,,3.8L V-6 205HP,Gasoline,6 Cyl,1G4HP52K4VH560456,IAA United States,Automatic,,Front Wheel Drive,Sedan,United States,NO,A,102,"SB ",30,Non-Insurance,$500 USD,West
"Mon Dec 01, 8:30am CST",Chattanooga,43638260,2016,BUICK,REGAL,TURBO,$825 USD,Salvage,YES,Right Front,Left & Right Side,Collision,"Mon Dec 01, 12:44am CST",NO,Automobiles,,"120,667 mi",,Run & Drive,Intact Airbags,Key Available,White,,"2.0L I-4 DI, DOHC, VVT, turbo, 259HP",Gasoline,4 Cyl,2G4GK5EX2G9163272,IAA United States,Automatic,Tennessee Farmers Insurance,Front Wheel Drive,Sedan,Canada,NO,A,49,"SB ",28,Insurance,"$8,301 USD",West
"Mon Dec 01, 8:30am CST",Chattanooga,43466404,2015,CHEVROLET,CAMARO,1LT,$75 USD,Clear,NO,Left Front,,Other,"Mon Dec 01, 12:39am CST",NO,Automobiles,,"195,875 mi",,Stationary,Intact Airbags,Key Available,Silver,,"3.6L V-6 DI, DOHC, VVT, 323HP",Gasoline,6 Cyl,2G1FD1E36F9261261,IAA United States,Automatic,TitleMax,Rear Wheel Drive,Coupe,Canada,NO,A,131,"SB ",34,Non-Insurance,"$7,175 USD",West
"Mon Dec 01, 8:30am CST",Chattanooga,43627569,2015,CHEVROLET,CAPTIVA SPORT,LT,,Clear,NO,Mechanical,Engine Damage,Other,"Mon Dec 01, 12:44am CST",NO,SUVs,,"147,825 mi",,Stationary,Intact Airbags,Key Available,Red,,"2.4L I-4 DI, DOHC, VVT, 180HP",Flexible Fuel,4 Cyl,3GNAL3EK4FS517740,IAA United States,Automatic,,Front Wheel Drive,Sport Utility,Mexico,NO,A,67,"SA ",20,Non-Insurance,"$2,550 USD",West
"Mon Dec 01, 8:30am CST",Chattanooga,43589808,2019,CHEVROLET,COLORADO,LT,"$4,150 USD",Salvage,YES,Rear,Right Rear,Collision,"Mon Dec 01, 12:43am CST",NO,Automobiles,,"160,159 mi",,Run & Drive,Intact Airbags,Key Available,Gray,,"3.6L V-6 DI, DOHC, VVT, 308HP",Gasoline,6 Cyl,1GCGTCEN1K1210079,IAA United States,Automatic,Penn National Insurance Group,Four Wheel Drive,Crew Cab,United States,NO,A,110,"SC ",24,Insurance,"$19,725 USD",West
"Mon Dec 01, 8:30am CST",Chattanooga,43248349,2018,CHEVROLET,EQUINOX,PREMIER,"$1,850 USD",Salvage,YES,Left & Right Side,Left Side,Collision,"Mon Dec 01, 12:35am CST",NO,SUVs,,"148,888 mi",,Run & Drive,Intact Airbags,Key Available,Black,,"2.0L I-4 DI, DOHC, VVT, turbo, 252HP",Gasoline,4 Cyl,2GNAXNEX7J6154062,IAA United States,Automatic,Tennessee Farmers Insurance,Front Wheel Drive,Utility,Canada,NO,A,65,"SC ",18,Insurance,"$13,831 USD",West
"Mon Dec 01, 8:30am CST",Chattanooga,43547214,2013,CHEVROLET,EQUINOX,1LT,$25 USD,Salvage,YES,Rollover,All Over,Collision,"Mon Dec 01, 12:41am CST",NO,SUVs,,"166,974 mi",,Stationary,Deployed Airbags,,White,,"2.4L I-4 DI, DOHC, VVT, 182HP",Gasoline,4 Cyl,1GNALDEK9DZ117291,IAA United States,Automatic,Tennessee Farmers Insurance,Front Wheel Drive,Sport Utility,United States,NO,A,122,"SC ",17,Insurance,"$6,759 USD",West
"Mon Dec 01, 8:30am CST",Chattanooga,43624528,2013,CHEVROLET,EQUINOX,LS,$275 USD,Clear,NO,Normal Wear & Tear,,,"Mon Dec 01, 12:44am CST",NO,SUVs,,"231,950 mi",,Run & Drive,Intact Airbags,Key Available,Black,,"2.4L I-4 DI, DOHC, VVT, 182HP",Gasoline,4 Cyl,2GNALBEK4D1187438,IAA United States,Automatic,TitleMax,Front Wheel Drive,Sport Utility,Canada,NO,A,128,"SB ",33,Non-Insurance,"$1,700 USD",West
"Mon Dec 01, 8:30am CST",Chattanooga,43640367,2017,CHEVROLET,IMPALA,2LZ,"$5,600 USD",Clear,NO,Normal Wear & Tear,,,"Mon Dec 01, 12:44am CST",NO,Automobiles,,"70,539 mi",,Run & Drive,Intact Airbags,Key Available,Black,,"3.6L V-6 DI, DOHC, VVT, 305HP",Gasoline,6 Cyl,1G1145S32HU145017,IAA United States,Automatic,TitleMax,Front Wheel Drive,Sedan,United States,NO,A,69,"SA ",15,Non-Insurance,"$7,250 USD",West
"Mon Dec 01, 8:30am CST",Chattanooga,43614421,2014,CHEVROLET,SILVERADO 1500,2LT,"$3,550 USD",Salvage,YES,Left Front,Left & Right Side,Collision,"Mon Dec 01, 12:43am CST",NO,Automobiles,,"130,702 mi",,Run & Drive,Intact Airbags,Key Available,White,,"5.3L V-8 DI, VVT, 355HP",Gasoline,8 Cyl,3GCUKREC0EG270996,IAA United States,Automatic,Tennessee Farmers Insurance,Four Wheel Drive,Crew Cab,Mexico,NO,A,28,"Z  ",1,Insurance,"$18,088 USD",West
"Mon Dec 01, 8:30am CST",Chattanooga,43638019,2010,CHEVROLET,SILVERADO 1500,WORK TRUCK,$625 USD,Clear,NO,Right Rear,,Other,"Mon Dec 01, 12:44am CST",NO,Automobiles,,"165,124 mi",,Run & Drive,Intact Airbags,Key Available,Maroon,,4.3L V-6 195HP,Gasoline,6 Cyl,1GCSCPEX9AZ120634,IAA United States,Automatic,TitleMax,4X2 Drive,Extended Cab,United States,NO,A,18,"SD ",5,Non-Insurance,"$4,850 USD",West
"Mon Dec 01, 8:30am CST",Chattanooga,43659769,2000,CHEVROLET,SILVERADO 1500,LS,$675 USD,Salvage,YES,Rear,,Collision,"Mon Dec 01, 12:45am CST",NO,Automobiles,,"321,257 mi",,Run & Drive,Intact Airbags,Key Available,Silver,,4.8L V-8 255HP,Gasoline,8 Cyl,1GCEC14V9YZ307537,IAA United States,Automatic,Tennessee Farmers Insurance,4X2 Drive,Regular Cab,United States,NO,A,121,"SD ",12,Insurance,"$7,828 USD",West
"Mon Dec 01, 8:30am CST",Chattanooga,43574861,2012,DODGE,AVENGER,SE,$25 USD,Salvage,YES,Left Front,Left Side,Collision,"Mon Dec 01, 12:42am CST",NO,Automobiles,,"195,356 mi",,Run & Drive,Intact Airbags,Key Available,Black,,"2.4L I-4 DOHC, VVT, 173HP",Gasoline,4 Cyl,1C3CDZAB3CN231783,IAA United States,Automatic,Erie Insurance Group,Front Wheel Drive,Sedan,United States,NO,A,63,"SA ",14,Insurance,"$3,166 USD",West
"Mon Dec 01, 8:30am CST",Chattanooga,43670364,2010,DODGE,DAKOTA,ST,$25 USD,Clear,NO,Transmission Damage,Left & Right Side,Other,"Mon Dec 01, 12:45am CST",NO,Automobiles,,"174,479 mi",,Starts,Intact Airbags,Key Available,Black,,3.7L V-6 210HP,Gasoline,6 Cyl,1D7CE2BK3AS115275,IAA United States,Automatic,,4X2 Drive,Extended Cab,United States,NO,A,84,"SB ",13,Non-Insurance,"$2,575 USD",West
"Mon Dec 01, 8:30am CST",Chattanooga,43534911,2017,DODGE,JOURNEY,SXT AWD,$625 USD,Clear,NO,Right Side,,Other,"Mon Dec 01, 12:41am CST",NO,SUVs,,"175,464 mi",,Run & Drive,Intact Airbags,Key Available,Black,,"3.6L V-6 DOHC, VVT, 283HP",Flexible Fuel,6 Cyl,3C4PDDBG0HT513056,IAA United States,Automatic,TitleMax,All-Wheel Drive,Utility,Mexico,NO,A,100,"SD ",9,Non-Insurance,"$5,100 USD",West
"Mon Dec 01, 8:30am CST",Chattanooga,43600867,2014,DODGE,JOURNEY,SXT,$425 USD,Clear,NO,Left & Right Side,Electrical,Other,"Mon Dec 01, 12:43am CST",NO,SUVs,,"144,854 mi",,Run & Drive,Intact Airbags,Key Available,Orange,,"3.6L V-6 DOHC, VVT, 283HP",Flexible Fuel,6 Cyl,3C4PDCBG3ET192359,IAA United States,Automatic,,Front Wheel Drive,Sport Utility,Mexico,NO,A,50,"SA ",21,Non-Insurance,"$2,125 USD",West
"Mon Dec 01, 8:30am CST",Chattanooga,43670513,2003,DODGE,RAM VAN 1500,CONVERSION,$375 USD,Clear,NO,Normal Wear & Tear,,,"Mon Dec 01, 12:45am CST",NO,Vans,,"87,354 mi",,Run & Drive,Intact Airbags,Key Available,Green,,3.9L V-6 175HP,Gasoline,6 Cyl,2D7HB11X83K506473,IAA United States,Automatic,TitleMax,Rear Wheel Drive,Cargo Van,Canada,NO,A,42,"SB ",35,Non-Insurance,"$2,025 USD",West
"Mon Dec 01, 8:30am CST",Chattanooga,43629160,2006,FORD,E-250,COMMERCIAL/RECREATIONAL,$450 USD,Clear,NO,All Over,,Other,"Mon Dec 01, 12:44am CST",NO,Vans,,"174,941 mi",,Run & Drive,Intact Airbags,Key Available,White,,5.4L V-8 255HP,Gasoline,8 Cyl,1FTNE24L56HB10317,IAA United States,Automatic,TitleMax,Rear Wheel Drive,Cargo Van,United States,NO,A,106,BLD,1,Non-Insurance,"$1,925 USD",West
"Mon Dec 01, 8:30am CST",Chattanooga,43208530,2014,FORD,ESCAPE,SE,$25 USD,Clear,NO,Left & Right Side,Mechanical,Other,"Mon Dec 01, 12:35am CST",NO,SUVs,,"170,540 mi",,Run & Drive,Intact Airbags,Key Available,White,,"1.6L I-4 DI, DOHC, VVT, turbo, 173HP",Gasoline,4 Cyl,1FMCU9GX2EUD32199,IAA United States,Automatic,,Four Wheel Drive,Utility,United States,NO,A,9,"SA ",25,Non-Insurance,"$2,775 USD",West
"Mon Dec 01, 8:30am CST",Chattanooga,43672809,2008,FORD,ESCAPE,XLS/XLS MANUAL,$625 USD,Salvage,YES,Left Side,Left & Right Side,Collision,"Mon Dec 01, 12:45am CST",NO,SUVs,,"133,649 mi",,Run & Drive,Intact Airbags,Key Available,Green,,"2.3L I-4 DOHC, 153HP",Gasoline,4 Cyl,1FMCU02Z58KD92384,IAA United States,Manual,Tennessee Farmers Insurance,Front Wheel Drive,Sport Utility,United States,NO,A,115,"SD ",10,Insurance,"$5,981 USD",West
"Mon Dec 01, 8:30am CST",Chattanooga,42911201,2004,FORD,EXPEDITION,XLS,,Non-Repairable,NO,Left & Right Side,,Other,"Mon Dec 01, 12:34am CST",NO,SUVs,,1 mi,Inoperable Digital Dash,Stationary,Intact Airbags,,Red,,4.6L V-8 232HP,Gasoline,8 Cyl,1FMRU13W04LB56914,IAA United States,Automatic,,4X2 Drive,Utility,United States,NO,A,135,"SA ",19,Non-Insurance,$500 USD,West
"Mon Dec 01, 8:30am CST",Chattanooga,43628597,2013,FORD,EXPLORER," ",$825 USD,Salvage,YES,Right Front,Front & Rear,Collision,"Mon Dec 01, 12:44am CST",NO,SUVs,,"82,671 mi",,Run & Drive,Intact Airbags,Key Available,Blue,,"3.5L V-6 DOHC, VVT, 290HP",Gasoline,6 Cyl,1FM5K7B83DGC23282,IAA United States,Automatic,Tennessee Farmers Insurance,Front Wheel Drive,Sport Utility,United States,NO,A,76,"SA ",22,Insurance,"$9,751 USD",West
"Mon Dec 01, 8:30am CST",Chattanooga,43742037,2009,FORD,EXPLORER SPORT TRAC,LIMITED,"$1,800 USD",Clear,NO,Front & Rear,Left & Right Side,Other,"Mon Dec 01, 12:47am CST",NO,Automobiles,,"208,479 mi",,Run & Drive,Intact Airbags,Key Available,Black,,4.0L V-6 210HP,Gasoline,6 Cyl,1FMEU33E99UA44700,IAA United States,Automatic,Advanced Remarketing Services - ACH,4X2 Drive,Sport Utility,United States,NO,A,10,"SB ",34,Non-Insurance,"$3,650 USD",West
"Mon Dec 01, 8:30am CST",Chattanooga,43699289,2017,FORD,F-150,RAPTOR,"$15,600 USD",Salvage,YES,Right Side,,Collision,"Mon Dec 01, 12:46am CST",NO,Automobiles,,"82,106 mi",,Run & Drive,Intact Airbags,Key Available,Gray,,"3.5L V-6 DI, DOHC, VVT, turbo, 450HP",Gasoline,6 Cyl,1FTFW1RG2HFB61070,IAA United States,Automatic,Tennessee Farmers Insurance,Four Wheel Drive,Crew Cab,United States,NO,A,57,"Z  ",14,Insurance,"$44,651 USD",West
"Mon Dec 01, 8:30am CST",Chattanooga,43489945,2013,FORD,F-150,XLT,"$1,350 USD",Salvage,YES,Right Side,,Collision,"Mon Dec 01, 12:40am CST",NO,Automobiles,,"235,729 mi",,Run & Drive,Deployed Airbags,Key Available,White,,"3.5L V-6 DI, DOHC, VVT, turbo, 365HP",Gasoline,6 Cyl,1FTFW1ET0DFC39214,IAA United States,Automatic,Tennessee Farmers Insurance,Four Wheel Drive,Crew Cab,United States,NO,A,36,"Z  ",11,Insurance,"$11,115 USD",West
"Mon Dec 01, 8:30am CST",Chattanooga,43788896,2005,FORD,F-150,STX/XL/XLT,$25 USD,Clear,NO,Transmission Damage,All Over,Other,"Mon Dec 01, 12:48am CST",NO,Automobiles,,"194,020 mi",,Run & Drive,Intact Airbags,Key Available,Gray,,4.6L V-8 231HP,Gasoline,8 Cyl,1FTRX12WX5NB41226,IAA United States,Automatic,,4X2 Drive,Extended Cab,United States,NO,A,54,"SB ",43,Non-Insurance,"$1,525 USD",West
"Mon Dec 01, 8:30am CST",Chattanooga,43629925,2003,FORD,F-150,LARIAT/XL/XLT,$825 USD,Clear,NO,Front End,,Other,"Mon Dec 01, 12:44am CST",NO,Automobiles,,1 mi,Inoperable Digital Dash,Run & Drive,Intact Airbags,Key Available,Black,,5.4L V-8 260HP,Gasoline,8 Cyl,2FTRX18L63CA39857,IAA United States,Automatic,TitleMax,Four Wheel Drive,Extended Cab,Canada,NO,A,103,"SD ",16,Non-Insurance,"$2,425 USD",West
"Mon Dec 01, 8:30am CST",Chattanooga,43542533,2002,FORD,F-150,XL/XLT,$225 USD,Salvage,YES,Left Side,,Collision,"Mon Dec 01, 12:41am CST",NO,Automobiles,,"148,593 mi",,Run & Drive,Intact Airbags,Key Available,Green,,5.4L V-8 260HP,Gasoline,8 Cyl,1FTRF17L32KD72144,IAA United States,Automatic,Tennessee Farmers Insurance,4X2 Drive,Regular Cab Styleside,United States,NO,A,24,"SB ",39,Insurance,"$5,743 USD",West
"Mon Dec 01, 8:30am CST",Chattanooga,43635955,2001,FORD,F-150,LARIAT/XL/XLT,$200 USD,Clear,NO,Rear,,Other,"Mon Dec 01, 12:44am CST",NO,Automobiles,,"175,910 mi",,Run & Drive,Intact Airbags,Key Available,Red,,5.4L V-8 260HP,Gasoline,8 Cyl,1FTRX07L81KA61847,IAA United States,Automatic,TitleMax,4X2 Drive,Extended Cab,United States,NO,A,15,"SA ",14,Non-Insurance,"$1,075 USD",West
"Mon Dec 01, 8:30am CST",Chattanooga,42694034,2018,FORD,FOCUS,SE,$525 USD,Clear,NO,Engine Damage,,Other,"Mon Dec 01, 12:33am CST",NO,Automobiles,,"46,395 mi",,Stationary,Intact Airbags,Key Available,White,,"1.0L I-3 DI, DOHC, VVT, turbo, 123HP",Gasoline,3 Cyl,1FADP3FE8JL238184,IAA United States,Automatic,,Front Wheel Drive,Sedan,United States,NO,A,60,"SC ",27,Non-Insurance,"$4,500 USD",West
"Mon Dec 01, 8:30am CST",Chattanooga,43492440,2015,FORD,FOCUS,TITANIUM,$200 USD,Clear,NO,Normal Wear & Tear,,,"Mon Dec 01, 12:40am CST",NO,Automobiles,,"248,010 mi",,Run & Drive,Intact Airbags,Key Available,Black,,"2.0L I-4 DI, DOHC, VVT, 160HP",Gasoline,4 Cyl,1FADP3N24FL214270,IAA United States,Automatic,,Front Wheel Drive,Hatchback,United States,NO,A,108,"SC ",4,Non-Insurance,"$3,125 USD",West
"Mon Dec 01, 8:30am CST",Chattanooga,43638856,2014,FORD,FOCUS,SE,$25 USD,Clear,NO,Hail,,Other,"Mon Dec 01, 12:44am CST",NO,Automobiles,,"123,855 mi",,Run & Drive,Intact Airbags,Key Available,Red,,"2.0L I-4 DI, DOHC, VVT, 160HP",Gasoline,4 Cyl,1FADP3K29EL425421,IAA United States,Automatic,TitleMax,Front Wheel Drive,Hatchback,United States,NO,A,56,"SB ",6,Non-Insurance,"$2,075 USD",West
"Mon Dec 01, 8:30am CST",Chattanooga,43787276,2013,FORD,FOCUS,SE,$25 USD,Clear,NO,Engine Damage,,Other,"Mon Dec 01, 12:48am CST",NO,Automobiles,,"162,905 mi",,Run & Drive,Intact Airbags,Key Available,White,,"2.0L I-4 DI, DOHC, VVT, 160HP",Gasoline,4 Cyl,1FADP3F20DL244927,IAA United States,Automatic,,Front Wheel Drive,Sedan,United States,NO,A,29,"SC ",18,Non-Insurance,"$1,700 USD",West
"Mon Dec 01, 8:30am CST",Chattanooga,43278810,2012,FORD,FOCUS,SEL,$200 USD,Clear,NO,Left Side,Left Rear,Other,"Mon Dec 01, 12:36am CST",NO,Automobiles,,"159,051 mi",,Run & Drive,Intact Airbags,Key Available,Gray,,"2.0L I-4 DI, DOHC, VVT, 160HP",Gasoline,4 Cyl,1FAHP3H24CL393712,IAA United States,Automatic,,Front Wheel Drive,Sedan,United States,NO,A,124,"SB ",26,Non-Insurance,"$2,425 USD",West
"Mon Dec 01, 8:30am CST",Chattanooga,43630569,2007,FORD,FOCUS,S/SE/SES,$25 USD,Clear,NO,All Over,,Other,"Mon Dec 01, 12:44am CST",NO,Automobiles,,"176,492 mi",,Run & Drive,Deployed Airbags,Key Available,Gray,,"2.0L I-4 DOHC, 136HP",Gasoline,4 Cyl,1FAFP34N37W309648,IAA United States,Automatic,TitleMax,Front Wheel Drive,Sedan,United States,NO,A,85,"SA ",26,Non-Insurance,$550 USD,West
"Mon Dec 01, 8:30am CST",Chattanooga,43751481,2015,FORD,FUSION,SE,,Clear,NO,Engine Damage,All Over,Other,"Mon Dec 01, 12:47am CST",NO,Automobiles,,"167,381 mi",,Stationary,Intact Airbags,Key Available,Gray,,"2.5L I-4 DOHC, VVT, 175HP",Gasoline,4 Cyl,3FA6P0H75FR211104,IAA United States,Automatic,,Front Wheel Drive,Sedan,Mexico,NO,A,44,"SA ",24,Non-Insurance,"$3,500 USD",West
"Mon Dec 01, 8:30am CST",Chattanooga,43603310,2004,FORD,RANGER,EDGE/TREMOR/XL/XLT,$425 USD,Salvage,YES,Left Side,Left & Right Side,Collision,"Mon Dec 01, 12:43am CST",NO,Automobiles,,1 mi,Not Required/Exempt,Stationary,Deployed Airbags,,Brown,,3.0L V-6 148HP,Gasoline,6 Cyl,1FTYR14U34PA27945,IAA United States,Manual,Tennessee Farmers Insurance,4X2 Drive,Extended Cab,United States,NO,A,16,"SC ",12,Insurance,"$6,124 USD",West
"Mon Dec 01, 8:30am CST",Chattanooga,43613727,2022,GRAND DESIGN,DESI," ","$6,000 USD",Salvage,YES,All Over,Left Side,Collision,"Mon Dec 01, 12:43am CST",NO,Recreational/ Miscellaneous,Travel Trailer,1 mi,Not Required/Exempt," ",,,White,Cream,,Other,,573TE3221N6640035,IAA United States,,Erie Insurance Group,,,,NO,A,119,"SP ",15,Insurance,"$32,009 USD",West
"Mon Dec 01, 8:30am CST",Chattanooga,43006518,2020,HONDA,ACCORD,SPORT,"$2,050 USD",Salvage,YES,Flood,Front & Rear,Collision,"Mon Dec 01, 12:34am CST",NO,Automobiles,,"113,438 mi",,Run & Drive,Intact Airbags,Key Available,Black,,"1.5L I-4 DI, DOHC, VVT, turbo, 192HP",Gasoline,4 Cyl,1HGCV1F33LA104780,IAA United States,Automatic,Trexis Insurance,Front Wheel Drive,Sedan,United States,NO,A,1,"SA ",20,Insurance,"$17,762 USD",West
"Mon Dec 01, 8:30am CST",Chattanooga,43625641,2008,HONDA,ACCORD,2.4 EX,$25 USD,Salvage,YES,Front End,Left & Right Side,Collision,"Mon Dec 01, 12:44am CST",NO,Automobiles,,"128,704 mi",,Run & Drive,Intact Airbags,Key Available,Black,,"2.4L I-4 DOHC, VVT, 190HP",Gasoline,4 Cyl,1HGCP26768A044083,IAA United States,Automatic,Tennessee Farmers Insurance,Front Wheel Drive,Sedan,United States,NO,A,3,"SB ",8,Insurance,"$7,090 USD",West
"Mon Dec 01, 8:30am CST",Chattanooga,43662732,2022,HONDA,CIVIC,SPORT,"$2,850 USD",Salvage,YES,Front End,Right Front,Collision,"Mon Dec 01, 12:45am CST",NO,Automobiles,,"87,939 mi",,Run & Drive,Intact Airbags,Key Available,Gray,,"2.0L I-4 DI, DOHC, VVT, 158HP",Gasoline,4 Cyl,2HGFE2F5XNH566861,IAA United States,Automatic,Tennessee Farmers Insurance,Front Wheel Drive,Sedan,Canada,NO,A,78,"SA ",33,Insurance,"$20,963 USD",West
"Mon Dec 01, 8:30am CST",Chattanooga,43517722,2018,HONDA,CIVIC,SPORT,"$2,150 USD",Salvage,YES,Left Front,,Collision,"Mon Dec 01, 12:40am CST",NO,Automobiles,,"97,657 mi",,Run & Drive,Intact Airbags,Key Available,Black,,"1.5L I-4 DI, DOHC, VVT, turbo, 180HP",Gasoline,4 Cyl,SHHFK7H46JU217459,IAA United States,Automatic,Erie Insurance Group,Front Wheel Drive,Hatchback,United Kingdom,NO,A,5,BLD,1,Insurance,"$17,677 USD",West
"Mon Dec 01, 8:30am CST",Chattanooga,43659791,2016,HONDA,CIVIC,EX,"$3,550 USD",Salvage,YES,Front & Rear,Left Side,Collision,"Mon Dec 01, 12:45am CST",NO,Automobiles,,"101,134 mi",,Run & Drive,Intact Airbags,Key Available,Silver,,"2.0L I-4 DOHC, VVT, 158HP",Gasoline,4 Cyl,19XFC2F71GE013746,IAA United States,Automatic,Tennessee Farmers Insurance,Front Wheel Drive,Sedan,United States,NO,A,35,"SB ",24,Insurance,"$13,407 USD",West
"Mon Dec 01, 8:30am CST",Chattanooga,43614119,2014,HONDA,CIVIC,LX,"$1,250 USD",Salvage,YES,Front & Rear,Left & Right Side,Collision,"Mon Dec 01, 12:43am CST",NO,Automobiles,,"97,638 mi",,Run & Drive,Intact Airbags,Key Available,Black,,"1.8L I-4 VVT, 143HP",Gasoline,4 Cyl,19XFB2F57EE037788,IAA United States,Automatic,Tennessee Farmers Insurance,Front Wheel Drive,Sedan,United States,NO,A,71,"SB ",18,Insurance,"$8,003 USD",West
"Mon Dec 01, 8:30am CST",Chattanooga,43645690,2013,HONDA,CIVIC,LX,"$1,800 USD",Clear,NO,Right Rear,Repossession,Other,"Mon Dec 01, 12:44am CST",NO,Automobiles,,"137,667 mi",,Run & Drive,Intact Airbags,Key Available,Silver,,"1.8L I-4 VVT, 140HP",Gasoline,4 Cyl,19XFB2F50DE039932,IAA United States,Automatic,TitleMax,Front Wheel Drive,Sedan,United States,NO,A,61,"SB ",11,Non-Insurance,"$4,850 USD",West
"Mon Dec 01, 8:30am CST",Chattanooga,43498726,2009,HONDA,CIVIC,LX,,Clear,NO,Front End,,Other,"Mon Dec 01, 12:40am CST",NO,Automobiles,,"282,440 mi",,Run & Drive,Intact Airbags,Key Available,Silver,,"1.8L I-4 VVT, 140HP",Gasoline,4 Cyl,2HGFG116X9H540173,IAA United States,Manual,TitleMax,Front Wheel Drive,Coupe,Canada,NO,A,8,"SC ",6,Non-Insurance,"$2,050 USD",West
"Mon Dec 01, 8:30am CST",Chattanooga,43582854,2022,HONDA,CR-V,2WD SPECIAL EDITION,"$8,000 USD",Salvage,YES,Front End,Right Front,Collision,"Mon Dec 01, 12:42am CST",NO,SUVs,,"77,079 mi",,Run & Drive,Intact Airbags,Key Available,White,,"1.5L I-4 DI, DOHC, VVT, turbo, 190HP",Gasoline,4 Cyl,7FARW1H77NE001124,IAA United States,Automatic,Tennessee Farmers Insurance,Front Wheel Drive,Sport Utility,United States,NO,A,105,"SA ",16,Insurance,"$22,993 USD",West
"Mon Dec 01, 8:30am CST",Chattanooga,43664573,2009,HONDA,PILOT,EX,$250 USD,Clear,NO,Right Front,,Other,"Mon Dec 01, 12:45am CST",NO,SUVs,,"196,480 mi",,Run & Drive,Intact Airbags,Key Available,White,,"3.5L V-6 VVT, 250HP",Gasoline,6 Cyl,5FNYF38479B017791,IAA United States,Automatic,,Front Wheel Drive,Sport Utility,United States,NO,A,31,"SC ",7,Non-Insurance,"$2,800 USD",West
"Mon Dec 01, 8:30am CST",Chattanooga,43646957,2008,HONDA,PILOT,EX-L,$25 USD,Clear,NO,Front End,,Other,"Mon Dec 01, 12:44am CST",NO,SUVs,,"239,484 mi",,Run & Drive,Intact Airbags,Key Available,White,,"3.5L V-6 VVT, 244HP",Gasoline,6 Cyl,5FNYF18758B011274,IAA United States,Automatic,TitleMax,Four Wheel Drive,Utility,United States,NO,A,39,"SA ",6,Non-Insurance,"$2,775 USD",West
"Mon Dec 01, 8:30am CST",Chattanooga,43752109,2007,HUMMER,H3 SUV," ",$475 USD,Clear,NO,Engine Damage,All Over,Other,"Mon Dec 01, 12:47am CST",NO,SUVs,,"191,696 mi",,Run & Drive,Intact Airbags,Key Available,Silver,,"3.7L I-5 DOHC, VVT, 242HP",Gasoline,5 Cyl,5GTDN13E678182324,IAA United States,Automatic,,Four Wheel Drive,Sport Utility,United States,NO,A,73,"SC ",10,Non-Insurance,"$3,300 USD",West
"Mon Dec 01, 8:30am CST",Chattanooga,43685498,2016,HYUNDAI,ELANTRA,SE,$525 USD,Salvage,YES,Right Front,,Collision,"Mon Dec 01, 12:46am CST",NO,Automobiles,,"116,000 mi",,Run & Drive,Intact Airbags,Key Available,White,,"1.8L I-4 DOHC, VVT, 145HP",Gasoline,4 Cyl,5NPDH4AE9GH663026,IAA United States,Automatic,Tennessee Farmers Insurance,Front Wheel Drive,Sedan,United States,NO,A,80,"SA ",20,Insurance,"$6,997 USD",West
"Mon Dec 01, 8:30am CST",Chattanooga,43616406,2014,HYUNDAI,SONATA HYBRID," ",$825 USD,Clear,NO,Left Front,,Other,"Mon Dec 01, 12:43am CST",NO,Automobiles,,"118,954 mi",,Run & Drive,Intact Airbags,Key Available,Light Blue,,"2.4L I-4 DOHC, VVT, 159HP",Hybrid,4 Cyl,KMHEC4A48EA116937,IAA United States,Automatic,TitleMax,Front Wheel Drive,Sedan,South Korea,NO,A,25,"SB ",18,Non-Insurance,"$3,700 USD",West
"Mon Dec 01, 8:30am CST",Chattanooga,43631055,2008,INFINITI,G35," ",,Clear,NO,Normal Wear & Tear,,,"Mon Dec 01, 12:44am CST",NO,Automobiles,,"256,339 mi",,Run & Drive,Intact Airbags,Key Available,Dark Blue,,"3.5L V-6 DOHC, VVT, 306HP",Gasoline,6 Cyl,JNKBV61E58M222950,IAA United States,Automatic,TitleMax,Rear Wheel Drive,Sedan,Japan,NO,A,59,"SA ",23,Non-Insurance,"$2,225 USD",West
"Mon Dec 01, 8:30am CST",Chattanooga,43258749,2006,INFINITI,G35X," ",,Non-Repairable,NO,Left & Right Side,Front & Rear,Other,"Mon Dec 01, 12:35am CST",NO,Automobiles,,"117,250 mi",,Run & Drive,Intact Airbags,Key Available,Red,,"3.5L V-6 DOHC, VVT, 280HP",Gasoline,6 Cyl,JNKCV51F76M611979,IAA United States,Automatic,,All-Wheel Drive,Sedan,Japan,NO,A,45,"SB ",13,Non-Insurance,"$2,025 USD",West
"Mon Dec 01, 8:30am CST",Chattanooga,43395379,2017,INFINITI,QX30,LUXURY,,Salvage,YES,Front End,Left & Right Side,Collision,"Mon Dec 01, 12:37am CST",NO,SUVs,,"152,091 mi",,Stationary,Deployed Airbags,,Gray,,"2.0L I-4 DI, DOHC, VVT, turbo, 208HP",Gasoline,4 Cyl,SJKCH5CR7HA032945,IAA United States,Automatic,Tennessee Farmers Insurance,All-Wheel Drive,Utility,United Kingdom,NO,A,89,"SA ",24,Insurance,"$8,273 USD",West
"Mon Dec 01, 8:30am CST",Chattanooga,43581550,2021,JEEP,GRAND CHEROKEE,LAREDO X 4X2,"$1,100 USD",Salvage,YES,Front End,All Over,Collision,"Mon Dec 01, 12:42am CST",NO,SUVs,,"106,405 mi",,Starts,Deployed Airbags,Key Available,White,,"3.6L V-6 DOHC, VVT, 293HP",Flexible Fuel,6 Cyl,1C4RJEAG8MC597593,IAA United States,Automatic,Tennessee Farmers Insurance,4X2 Drive,Sport Utility,United States,NO,A,90,"SD ",16,Insurance,"$19,615 USD",West
"Mon Dec 01, 8:30am CST",Chattanooga,43674148,2018,JEEP,GRAND CHEROKEE,ALTITUDE 4X4,"$6,700 USD",Salvage,YES,Left Front,Left & Right Side,Collision,"Mon Dec 01, 12:45am CST",NO,SUVs,,"87,096 mi",,Run & Drive,Intact Airbags,Key Available,White,,"3.6L V-6 DOHC, VVT, 293HP",Flexible Fuel,6 Cyl,1C4RJFAG6JC267890,IAA United States,Automatic,Tennessee Farmers Insurance,Four Wheel Drive,Sport Utility,United States,NO,A,136,"SA ",6,Insurance,"$18,677 USD",West
"Mon Dec 01, 8:30am CST",Chattanooga,43594533,2008,JEEP,PATRIOT,SPORT,$325 USD,Clear,NO,Normal Wear & Tear,,,"Mon Dec 01, 12:43am CST",NO,SUVs,,"225,908 mi",,Run & Drive,Intact Airbags,Key Available,Black,,"2.0L I-4 DOHC, VVT, 158HP",Gasoline,4 Cyl,1J8FT280X8D772794,IAA United States,Automatic,TitleMax,Front Wheel Drive,Utility,United States,NO,A,64,"SB ",28,Non-Insurance,$500 USD,West
"Mon Dec 01, 8:30am CST",Chattanooga,43724004,2000,JEEP,WRANGLER,SPORT,"$1,150 USD",Salvage,YES,Rear,Left & Right Side,Collision,"Mon Dec 01, 12:47am CST",NO,SUVs,,"159,320 mi",,Run & Drive,Intact Airbags,Key Available,Black,,4.0L I-6 181HP,Gasoline,6 Cyl,1J4FA49S5YP776043,IAA United States,Manual,Tennessee Farmers Insurance,Four Wheel Drive,Sport Utility,United States,NO,A,2,"SA ",11,Insurance,"$7,315 USD",West
"Mon Dec 01, 8:30am CST",Chattanooga,43526704,2017,JEEP,WRANGLER UNLIMITED,SPORT 4X4,"$2,150 USD",Salvage,YES,Rollover,All Over,Other,"Mon Dec 01, 12:41am CST",NO,SUVs,,"110,087 mi",,Stationary,Intact Airbags,Key Available,White,,"3.6L V-6 DOHC, VVT, 285HP",Flexible Fuel,6 Cyl,1C4HJWDG0HL572268,IAA United States,Automatic,Alfa Insurance Group,Four Wheel Drive,Sport Utility,United States,NO,A,112,"SD ",21,Insurance,"$21,477 USD",West
"Mon Dec 01, 8:30am CST",Chattanooga,43772315,2013,KIA,FORTE,EX,,Clear,NO,Electrical,Left & Right Side,Other,"Mon Dec 01, 12:48am CST",NO,Automobiles,,1 mi,Inoperable Digital Dash,Stationary,Intact Airbags,Key Available,Black,,"2.0L I-4 DOHC, VVT, 156HP",Gasoline,4 Cyl,KNAFU4A28D5699695,IAA United States,Automatic,,Front Wheel Drive,Sedan,South Korea,NO,A,23,"SA ",30,Non-Insurance,"$1,725 USD",West
"Mon Dec 01, 8:30am CST",Chattanooga,39941987,2025,KIA,K5,GT-LINE,"$8,100 USD",Salvage,YES,Front End,Right Side,Collision,"Mon Dec 01, 12:33am CST",NO,Automobiles,,589 mi,,Run & Drive,Intact Airbags,Key Available,Maroon,,"2.5L I-4 DI, DOHC, VVT, 191HP",Gasoline,4 Cyl,KNAG64J71S5268879,IAA United States,Automatic,Tennessee Farmers Insurance,Front Wheel Drive,Sedan,South Korea,NO,A,98,"SC ",10,Insurance,"$31,050 USD",West
"Mon Dec 01, 8:30am CST",Chattanooga,43611529,2019,KIA,SORENTO,2.4L L,"$3,450 USD",Clear,NO,Right Rear,,Other,"Mon Dec 01, 12:43am CST",NO,SUVs,,"68,650 mi",,Run & Drive,Intact Airbags,Key Available,Gray,,"2.4L I-4 DI, DOHC, VVT, 185HP",Gasoline,4 Cyl,5XYPG4A33KG602852,IAA United States,Automatic,TitleMax,Front Wheel Drive,Utility,United States,NO,A,126,"SD ",13,Non-Insurance,"$7,700 USD",West
"Mon Dec 01, 8:30am CST",Chattanooga,43564204,2024,KIA,SPORTAGE,EX,"$7,400 USD",Salvage,YES,Right Front,Right Side,Collision,"Mon Dec 01, 12:42am CST",NO,SUVs,,"19,160 mi",,Run & Drive,Deployed Airbags,Key Available,Gray,,"2.5L I-4 DI, DOHC, VVT, 187HP",Gasoline,4 Cyl,5XYK33DF7RG174526,IAA United States,Automatic,Erie Insurance Group,Front Wheel Drive,Sport Utility,United States,NO,A,132,"SC ",25,Insurance,"$26,258 USD",West
"Mon Dec 01, 8:30am CST",Chattanooga,43655526,2014,KIA,SPORTAGE,EX,"$1,000 USD",Clear,NO,Engine Damage,Electrical,Other,"Mon Dec 01, 12:45am CST",NO,SUVs,,"204,499 mi",,Run & Drive,Intact Airbags,Key Available,Gray,,"2.4L I-4 DI, DOHC, VVT, 182HP",Gasoline,4 Cyl,KNDPC3AC8E7615636,IAA United States,Automatic,,Front Wheel Drive,Sport Utility,South Korea,NO,A,40,"SC ",17,Non-Insurance,"$3,400 USD",West
"Mon Dec 01, 8:30am CST",Chattanooga,43522210,2006,KIA,SPORTAGE,EX V6/LX V6,$25 USD,Salvage,YES,Front End,Left & Right Side,Collision,"Mon Dec 01, 12:40am CST",NO,SUVs,,"187,645 mi",,Run & Drive,Deployed Airbags,Key Available,Burgundy,,"2.7L V-6 DOHC, 173HP",Gasoline,6 Cyl,KNDJF723467238713,IAA United States,Automatic,Tennessee Farmers Insurance,Front Wheel Drive,Sport Utility,South Korea,NO,A,21,"SB ",31,Insurance,"$3,060 USD",West
"Mon Dec 01, 8:30am CST",Chattanooga,43640250,2008,LAND ROVER,LR2,HSE,$225 USD,Clear,NO,Normal Wear & Tear,,,"Mon Dec 01, 12:44am CST",NO,SUVs,,1 mi,Inoperable Digital Dash,Stationary,Intact Airbags,Key Available,Gray,,"3.2L I-6 DOHC, VVT, 230HP",Gasoline,6 Cyl,SALFR24N28H109681,IAA United States,Automatic,TitleMax,Four Wheel Drive,Sport Utility,United Kingdom,NO,A,123,"SC ",7,Non-Insurance,"$1,100 USD",West
"Mon Dec 01, 8:30am CST",Chattanooga,43727598,2020,LEXUS,GX 460,PREMIUM,"$20,100 USD",Salvage,YES,Left Front,Left & Right Side,Collision,"Mon Dec 01, 12:47am CST",NO,SUVs,,"80,225 mi",,Run & Drive,Intact Airbags,Key Available,White,,"4.6L V-8 DOHC, VVT, 301HP",Gasoline,8 Cyl,JTJAM7BX1L5241548,IAA United States,Automatic,Tennessee Farmers Insurance,Four Wheel Drive,Sport Utility,Japan,NO,A,107,"SC ",6,Insurance,"$38,324 USD",West
"Mon Dec 01, 8:30am CST",Chattanooga,43728248,2009,LEXUS,RX 350," ","$1,050 USD",Clear,NO,Left & Right Side,,Other,"Mon Dec 01, 12:47am CST",NO,SUVs,,"200,792 mi",,Run & Drive,Intact Airbags,Key Available,Black,,"3.5L V-6 DOHC, VVT, 270HP",Gasoline,6 Cyl,2T2GK31U19C078264,IAA United States,Automatic,Wheelzy,Front Wheel Drive,Sport Utility,Canada,NO,A,46,"SC ",23,Non-Insurance,"$4,100 USD",West
"Mon Dec 01, 8:30am CST",Chattanooga,43757232,2013,MAZDA,MAZDASPEED3,TOURING,"$1,050 USD",Clear,NO,Engine Damage,,Other,"Mon Dec 01, 12:47am CST",NO,Automobiles,,"104,630 mi",,Run & Drive,Intact Airbags,Key Available,White,,"2.3L I-4 DI, DOHC, VVT, turbo, 263HP",Gasoline,4 Cyl,JM1BL1L31D1779811,IAA United States,Manual,,Front Wheel Drive,Hatchback,Japan,NO,A,74,"SB ",14,Non-Insurance,"$3,800 USD",West
"Mon Dec 01, 8:30am CST",Chattanooga,43611422,2007,MERCEDES-BENZ,C 280,LUXURY 4MATIC,$25 USD,Clear,NO,Front End,All Over,Other,"Mon Dec 01, 12:43am CST",NO,Automobiles,,"178,290 mi",,Run & Drive,Intact Airbags,Key Available,Gray,,"3.0L V-6 DOHC, VVT, 228HP",Gasoline,6 Cyl,WDBRF92H97F842161,IAA United States,Automatic,TitleMax,All-Wheel Drive,Sedan,Germany,NO,A,118,"SB ",14,Non-Insurance,"$1,450 USD",West
"Mon Dec 01, 8:30am CST",Chattanooga,43735953,2009,MERCEDES-BENZ,ML 320 BLUETEC,4MATIC,$325 USD,Clear,NO,Electrical,,Other,"Mon Dec 01, 12:47am CST",NO,SUVs,,1 mi,Inoperable Digital Dash,Stationary,Intact Airbags,Key Available,Silver,,"3.0L V-6 DI, DOHC, turbo, 210HP",Diesel,6 Cyl,4JGBB25E19A490616,IAA United States,Automatic,,All-Wheel Drive,Sport Utility,United States,NO,A,68,"SC ",9,Non-Insurance,"$2,700 USD",West
"Mon Dec 01, 8:30am CST",Chattanooga,42908081,2000,MERCURY,MOUNTAINEER," ",$250 USD,Non-Repairable,NO,All Over,,Other,"Mon Dec 01, 12:34am CST",NO,SUVs,,"268,177 mi",,Run & Drive,Intact Airbags,Key Available,Black,,5.0L V8 FI  F,Gasoline,8 Cyl,4M2DU86P6YUJ38777,IAA United States,Automatic,,All-Wheel Drive,Suv 4 Door,United States,NO,A,11,"SA ",31,Non-Insurance,$750 USD,West
"Mon Dec 01, 8:30am CST",Chattanooga,43703242,2011,MINI,COOPER S COUNTRYMAN," ",$475 USD,Clear,NO,Left & Right Side,Rear,Other,"Mon Dec 01, 12:46am CST",NO,SUVs,,"60,362 mi",,Run & Drive,Intact Airbags,Key Available,Silver,,"1.6L I-4 DI, DOHC, VVT, turbo, 181HP",Gasoline,4 Cyl,WMWZC3C57BWL79423,IAA United States,Manual,,Front Wheel Drive,Sport Utility,Germany,NO,A,48,"SB ",7,Non-Insurance,"$1,225 USD",West
"Mon Dec 01, 8:30am CST",Chattanooga,43472844,2006,NISSAN,350Z,ENTHUSIAST,"$1,200 USD",Salvage,YES,Left Front,Left & Right Side,Collision,"Mon Dec 01, 12:39am CST",NO,Automobiles,,"124,669 mi",,Run & Drive,Intact Airbags,Key Available,Black,,"3.5L V-6 DOHC, VVT, 287HP",Gasoline,6 Cyl,JN1AZ34D16M311658,IAA United States,Automatic,Tennessee Farmers Insurance,Rear Wheel Drive,Coupe,Japan,NO,A,93,"SB ",33,Insurance,"$9,313 USD",West
"Mon Dec 01, 8:30am CST",Chattanooga,43707454,2017,NISSAN,ALTIMA,2.5 S,"$1,550 USD",Salvage,YES,Front End,Left & Right Side,Collision,"Mon Dec 01, 12:46am CST",NO,Automobiles,,"99,399 mi",,Run & Drive,Deployed Airbags,Key Available,Burgundy,,"2.5L I-4 DOHC, VVT, 179HP",Gasoline,4 Cyl,1N4AL3AP4HC143431,IAA United States,Automatic,Tennessee Farmers Insurance,Front Wheel Drive,Sedan,United States,NO,A,88,"SA ",25,Insurance,"$11,864 USD",West
"Mon Dec 01, 8:30am CST",Chattanooga,43765600,2013,NISSAN,ALTIMA,2.5 S,$25 USD,Clear,NO,Right Rear,Left & Right Side,Other,"Mon Dec 01, 12:47am CST",NO,Automobiles,,"183,140 mi",,Run & Drive,Intact Airbags,Key Available,Maroon,,"2.5L I-4 DOHC, VVT, 175HP",Gasoline,4 Cyl,1N4AL2EP2DC191136,IAA United States,Automatic,,Front Wheel Drive,Coupe,United States,NO,A,101,"SA ",26,Non-Insurance,"$2,150 USD",West
"Mon Dec 01, 8:30am CST",Chattanooga,43473694,2006,NISSAN,FRONTIER,XE,$875 USD,Salvage,YES,Right Front,Transmission Damage,Collision,"Mon Dec 01, 12:39am CST",NO,Automobiles,,"181,861 mi",,Run & Drive,Deployed Airbags,Key Available,White,,"2.5L I-4 DOHC, VVT, 154HP",Gasoline,4 Cyl,1N6BD06T96C424280,IAA United States,Automatic,Tennessee Farmers Insurance,4X2 Drive,Extended Cab,United States,NO,A,34,"SA ",14,Insurance,"$6,859 USD",West
"Mon Dec 01, 8:30am CST",Chattanooga,43317136,2023,NISSAN,KICKS,S XTRONIC CVT,"$2,500 USD",Salvage,YES,Right Front,,Collision,"Mon Dec 01, 12:36am CST",NO,SUVs,,"80,363 mi",,Run & Drive,Deployed Airbags,Key Available,Gray,,"1.6L I-4 DOHC, VVT, 122HP",Gasoline,4 Cyl,3N1CP5BV2PL553084,IAA United States,Automatic,,Front Wheel Drive,Utility,Mexico,NO,A,47,"SC ",6,Non-Insurance,"$14,608 USD",West
"Mon Dec 01, 8:30am CST",Chattanooga,43649674,2001,NISSAN,MAXIMA,SE,$25 USD,Clear,NO,Left Side,,Other,"Mon Dec 01, 12:45am CST",NO,Automobiles,,"269,599 mi",,Run & Drive,Intact Airbags,Key Available,Green,,"3.0L V-6 DOHC, 222HP",Gasoline,6 Cyl,JN1CA31D61T826142,IAA United States,Automatic,TitleMax,Front Wheel Drive,Sedan,Japan,NO,A,86,"SA ",17,Non-Insurance,$725 USD,West
"Mon Dec 01, 8:30am CST",Chattanooga,43245566,2022,NISSAN,PATHFINDER,SL 2WD,"$6,600 USD",Salvage,YES,Right Front,Left & Right Side,Collision,"Mon Dec 01, 12:35am CST",NO,SUVs,,"81,311 mi",,Run & Drive,Intact Airbags,Key Available,Black,,"3.5L V-6 DI, DOHC, VVT, 284HP",Gasoline,6 Cyl,5N1DR3CB3NC205755,IAA United States,Automatic,Tennessee Farmers Insurance,Front Wheel Drive,Sport Utility,United States,NO,A,43,"SD ",13,Insurance,"$25,028 USD",West
"Mon Dec 01, 8:30am CST",Chattanooga,42285027,2015,NISSAN,SENTRA,SV,$25 USD,Salvage,NO,All Over,,Collision,"Mon Dec 01, 12:33am CST",NO,Automobiles,,1 mi,Not Actual,Stationary,Deployed Airbags,,Black,,"1.8L I-4 DOHC, VVT, 130HP",Gasoline,4 Cyl,3N1AB7AP5FY256140,IAA United States,Automatic,,Front Wheel Drive,Sedan,Mexico,NO,A,55,"SB ",13,Non-Insurance,$500 USD,West
"Mon Dec 01, 8:30am CST",Chattanooga,43615461,2014,NISSAN,SENTRA,SL,,Clear,NO,Transmission Damage,All Over,Other,"Mon Dec 01, 12:43am CST",NO,Automobiles,,"182,557 mi",,Run & Drive,Intact Airbags,Key Available,Gray,,"1.8L I-4 DOHC, VVT, 130HP",Gasoline,4 Cyl,3N1AB7AP6EY307787,IAA United States,Automatic,Wheelzy,Front Wheel Drive,Sedan,Mexico,NO,A,70,"SA ",33,Non-Insurance,"$1,100 USD",West
"Mon Dec 01, 8:30am CST",Chattanooga,43683851,2018,NISSAN,VERSA,1.6 SV,"$1,550 USD",Salvage,YES,Right Front,Left Front,Collision,"Mon Dec 01, 12:46am CST",NO,Automobiles,,"48,169 mi",,Run & Drive,Intact Airbags,Key Available,Blue,,"1.6L I-4 DOHC, VVT, 109HP",Gasoline,4 Cyl,3N1CN7AP9JL822418,IAA United States,Automatic,Tennessee Farmers Insurance,Front Wheel Drive,Sedan,Mexico,NO,A,75,"SB ",7,Insurance,"$9,322 USD",West
"Mon Dec 01, 8:30am CST",Chattanooga,43600872,2013,NISSAN,VERSA,1.6 SV,,Clear,NO,Left & Right Side,Electrical,Other,"Mon Dec 01, 12:43am CST",NO,Automobiles,,"190,837 mi",,Stationary,Intact Airbags,Key Available,White,,"1.6L I-4 DOHC, VVT, 109HP",Gasoline,4 Cyl,3N1CN7AP5DL868039,IAA United States,Automatic,,Front Wheel Drive,Sedan,Mexico,NO,A,38,"SC ",25,Non-Insurance,"$1,050 USD",West
"Mon Dec 01, 8:30am CST",Chattanooga,43589015,2009,PONTIAC,VIBE," ",$25 USD,Bill Of Sale,NO,Engine Damage,Left & Right Side,Other,"Mon Dec 01, 12:42am CST",NO,Automobiles,,"164,897 mi",,Run & Drive,Intact Airbags,Key Available,Gray,,"2.4L I-4 DOHC, VVT, 158HP",Gasoline,4 Cyl,5Y2SM670X9Z427071,IAA United States,Automatic,Wheelzy,All-Wheel Drive,Hatchback,United States,NO,A,41,"SD ",5,Non-Insurance,$335 USD,West
"Mon Dec 01, 8:30am CST",Chattanooga,43407144,2021,RAM,1500,LARAMIE  4X4 6'4 BOX,"$9,000 USD",Salvage,YES,Front End,,Other,"Mon Dec 01, 12:38am CST",NO,Automobiles,,"46,274 mi",,Starts,Intact Airbags,Key Available,White,,"5.7L V-8 VVT, 395HP",Gasoline,8 Cyl,1C6SRFRT9MN781079,IAA United States,Automatic,Alfa Insurance Group,Four Wheel Drive,Crew Cab,United States,NO,A,12,"Z  ",17,Insurance,"$35,591 USD",West
"Mon Dec 01, 8:30am CST",Chattanooga,43642234,2011,RAM,RAM 1500,ST,$25 USD,Clear,NO,Biohazard,Front & Rear,Other,"Mon Dec 01, 12:44am CST",NO,Automobiles,,"263,626 mi",,Run & Drive,Intact Airbags,Key Available,Black,,"5.7L V-8 VVT, 390HP",Gasoline,8 Cyl,1D7RV1GT6BS509926,IAA United States,Automatic,TitleMax,Four Wheel Drive,Quad Cab,United States,NO,A,72,"SB ",40,Non-Insurance,"$6,400 USD",West
"Mon Dec 01, 8:30am CST",Chattanooga,43529072,2006,SATURN,ION,2,$100 USD,Salvage,YES,Front End,Left & Right Side,Collision,"Mon Dec 01, 12:41am CST",NO,Automobiles,,"115,057 mi",,Starts,Intact Airbags,Key Available,Silver,,"2.2L I-4 DOHC, 140HP",Gasoline,4 Cyl,1G8AJ58F96Z131532,IAA United States,Automatic,Tennessee Farmers Insurance,Front Wheel Drive,Sedan,United States,NO,A,62,"SA ",24,Insurance,"$5,029 USD",West
"Mon Dec 01, 8:30am CST",Chattanooga,43737666,2014,SUBARU,FORESTER,2.5I PREMIUM,$300 USD,Clear,NO,Transmission Damage,Left & Right Side,Other,"Mon Dec 01, 12:47am CST",NO,SUVs,,"198,238 mi",,Starts,Intact Airbags,Key Available,White,,"2.5L H-4 DOHC, VVT, 170HP",Gasoline,4 Cyl,JF2SJAEC5EH461929,IAA United States,Automatic,Wheelzy,All-Wheel Drive,Sport Utility,Japan,NO,A,37,"SA ",35,Non-Insurance,"$4,475 USD",West
"Mon Dec 01, 8:30am CST",Chattanooga,43796026,2015,SUBARU,OUTBACK,2.5I LIMITED,"$1,050 USD",Clear,NO,Engine Damage,Right Side,Other,"Mon Dec 01, 12:48am CST",NO,SUVs,,"244,456 mi",,Run & Drive,Intact Airbags,Key Available,Black,,"2.5L H-4 DOHC, VVT, 175HP",Gasoline,4 Cyl,4S4BSBNC3F3257609,IAA United States,Automatic,,All-Wheel Drive,Sport Utility,United States,NO,A,127,"SA ",30,Non-Insurance,"$5,700 USD",West
"Mon Dec 01, 8:30am CST",Chattanooga,43470126,2011,SUBARU,OUTBACK,2.5I LIMITED,$25 USD,Clear,NO,All Over,Biohazard,Other,"Mon Dec 01, 12:39am CST",NO,SUVs,,"180,851 mi",,Run & Drive,Intact Airbags,Key Available,Burgundy,,"2.5L H-4 VVT, 170HP",Gasoline,4 Cyl,4S4BRBLC3B3337565,IAA United States,Automatic,,All-Wheel Drive,Sport Utility,United States,NO,A,27,"SB ",23,Non-Insurance,"$3,200 USD",West
"Mon Dec 01, 8:30am CST",Chattanooga,43418354,2011,TOYOTA,4RUNNER,SR5 V6,"$4,750 USD",Salvage,YES,Left Side,Left Rear,Collision,"Mon Dec 01, 12:38am CST",NO,SUVs,,"194,512 mi",,Run & Drive,Intact Airbags,Key Available,White,,"4.0L V-6 DOHC, VVT, 270HP",Gasoline,6 Cyl,JTEZU5JR4B5025801,IAA United States,Automatic,Trexis Insurance,4X2 Drive,Utility,Japan,NO,A,117,"SC ",1,Insurance,"$10,536 USD",West
"Mon Dec 01, 8:30am CST",Chattanooga,43580504,2002,TOYOTA,4RUNNER,SR5 V6,,Salvage,YES,Front End,Engine Damage,Collision,"Mon Dec 01, 12:42am CST",NO,SUVs,,"205,417 mi",Not Required/Exempt,Run & Drive,Deployed Airbags,Key Available,Burgundy,,"3.4L V-6 DOHC, 183HP",Gasoline,6 Cyl,JT3HN86R720387775,IAA United States,Automatic,Tennessee Farmers Insurance,Four Wheel Drive,Sport Utility,Japan,NO,A,129,"SA ",22,Insurance,"$9,558 USD",West
"Mon Dec 01, 8:30am CST",Chattanooga,43724603,2005,TOYOTA,AVALON,LIMITED,$475 USD,Salvage,YES,Front End,All Over,Collision,"Mon Dec 01, 12:47am CST",NO,Automobiles,,"109,314 mi",,Run & Drive,Intact Airbags,Key Available,Gray,,"3.5L V-6 DOHC, VVT, 280HP",Gasoline,6 Cyl,4T1BK36B25U061231,IAA United States,Automatic,Tennessee Farmers Insurance,Front Wheel Drive,Sedan,United States,NO,A,51,"SB ",13,Insurance,"$7,216 USD",West
"Mon Dec 01, 8:30am CST",Chattanooga,42404395,2023,TOYOTA,CAMRY,SE,$525 USD,Salvage,YES,Front End,All Over,Collision,"Mon Dec 01, 12:33am CST",NO,Automobiles,,1 mi,Inoperable Digital Dash,Stationary,Deployed Airbags,,White,,"2.5L I-4 DI, DOHC, VVT, 203HP",Gasoline,4 Cyl,4T1T11AK8PU781963,IAA United States,Automatic,Tennessee Farmers Insurance,Front Wheel Drive,Sedan,United States,NO,A,4,"HD ",5,Insurance,"$27,225 USD",West
"Mon Dec 01, 8:30am CST",Chattanooga,43635992,2015,TOYOTA,CAMRY,LE,"$1,700 USD",Clear,NO,Front End,,Other,"Mon Dec 01, 12:44am CST",NO,Automobiles,,"237,069 mi",,Run & Drive,Intact Airbags,Key Available,Blue,,"2.5L I-4 DOHC, VVT, 178HP",Gasoline,4 Cyl,4T1BF1FKXFU925985,IAA United States,Automatic,TitleMax,Front Wheel Drive,Sedan,United States,NO,A,66,"SC ",14,Non-Insurance,"$6,475 USD",West
"Mon Dec 01, 8:30am CST",Chattanooga,43663090,2011,TOYOTA,CAMRY,SE,$525 USD,Clear,NO,Engine Damage,All Over,Other,"Mon Dec 01, 12:45am CST",NO,Automobiles,,"247,691 mi",,Run & Drive,Intact Airbags,Key Available,Black,,"2.5L I-4 DOHC, VVT, 179HP",Gasoline,4 Cyl,4T1BF3EK8BU753639,IAA United States,Automatic,Wheelzy,Front Wheel Drive,Sedan,United States,NO,A,53,"SA ",22,Non-Insurance,$305 USD,West
"Mon Dec 01, 8:30am CST",Chattanooga,43637302,2006,TOYOTA,CAMRY,XLE,,Clear,NO,Front End,,Other,"Mon Dec 01, 12:44am CST",NO,Automobiles,,"305,034 mi",,Stationary,Intact Airbags,Key Available,White,,"2.4L I-4 DOHC, VVT, 154HP",Gasoline,4 Cyl,4T1BE32K56U719638,IAA United States,Automatic,TitleMax,Front Wheel Drive,Sedan,United States,NO,A,87,"SC ",1,Non-Insurance,"$1,700 USD",West
"Mon Dec 01, 8:30am CST",Chattanooga,43672897,1997,TOYOTA,CAMRY,LE V6,,Clear,NO,Normal Wear & Tear,,,"Mon Dec 01, 12:45am CST",NO,Automobiles,,"338,118 mi",,Run & Drive,Intact Airbags,Key Available,Gray,,"3.0L V-6 DOHC, 194HP",Gasoline,6 Cyl,JT2BF22K6V0082351,IAA United States,Automatic,TitleMax,Front Wheel Drive,Sedan,Japan,NO,A,134,"SC ",16,Non-Insurance,$500 USD,West
"Mon Dec 01, 8:30am CST",Chattanooga,43664939,2019,TOYOTA,COROLLA,LE,$775 USD,Salvage,YES,Front End,,Collision,"Mon Dec 01, 12:45am CST",NO,Automobiles,,"154,960 mi",,Stationary,Intact Airbags,Key Available,Navy,,"1.8L I-4 DOHC, VVT, 132HP",Gasoline,4 Cyl,5YFBURHE2KP889975,IAA United States,Automatic,Tennessee Farmers Insurance,Front Wheel Drive,Sedan,United States,NO,A,13,"SC ",10,Insurance,"$10,998 USD",West
"Mon Dec 01, 8:30am CST",Chattanooga,43749662,2017,TOYOTA,COROLLA,LE,"$2,050 USD",Clear,NO,Front End,Electrical,Other,"Mon Dec 01, 12:47am CST",NO,Automobiles,,1 mi,Inoperable Digital Dash,Stationary,Intact Airbags,Key Available,White,,"1.8L I-4 DOHC, VVT, 132HP",Gasoline,4 Cyl,5YFBURHE9HP631610,IAA United States,Automatic,,Front Wheel Drive,Sedan,United States,NO,A,111,"SB ",25,Non-Insurance,"$8,200 USD",West
"Mon Dec 01, 8:30am CST",Chattanooga,43623278,2008,TOYOTA,COROLLA,CE,$25 USD,Clear,NO,Engine Damage,All Over,Other,"Mon Dec 01, 12:44am CST",NO,Automobiles,,"299,999 mi",,Stationary,Intact Airbags,Key Available,Gray,,"1.8L I-4 DOHC, VVT, 126HP",Gasoline,4 Cyl,1NXBR32E78Z005690,IAA United States,Automatic,,Front Wheel Drive,Sedan,United States,NO,A,96,"SB ",14,Non-Insurance,"$2,200 USD",West
"Mon Dec 01, 8:30am CST",Chattanooga,43549818,2007,TOYOTA,COROLLA,CE,$250 USD,Clear,NO,Left & Right Side,,Other,"Mon Dec 01, 12:41am CST",NO,Automobiles,,"238,978 mi",,Stationary,Intact Airbags,Key Available,Dark Blue,,"1.8L I-4 DOHC, VVT, 126HP",Gasoline,4 Cyl,JTDBR32E170100689,IAA United States,Automatic,Wheelzy,Front Wheel Drive,Sedan,Japan,NO,A,97,"SD ",7,Non-Insurance,"$1,875 USD",West
"Mon Dec 01, 8:30am CST",Chattanooga,41995000,2007,TOYOTA,COROLLA,S,$325 USD,Non-Repairable,NO,Front End,,Other,"Mon Dec 01, 12:33am CST",NO,Automobiles,,"244,124 mi",,Stationary,Intact Airbags,Key Available,Silver,,"1.8L I-4 DOHC, VVT, 126HP",Gasoline,4 Cyl,2T1BR32E67C831933,IAA United States,Manual,Wheelzy,Front Wheel Drive,Sedan,Canada,NO,A,17,"SD ",5,Non-Insurance,$250 USD,West
"Mon Dec 01, 8:30am CST",Chattanooga,43508861,2004,TOYOTA,COROLLA,LE,$25 USD,Clear,NO,Front End,,Other,"Mon Dec 01, 12:40am CST",NO,Automobiles,,"212,457 mi",,Run & Drive,Intact Airbags,Key Available,Gray,,"1.8L I-4 DOHC, VVT, 130HP",Gasoline,4 Cyl,1NXBR32E04Z339330,IAA United States,Automatic,TitleMax,Front Wheel Drive,Sedan,United States,NO,A,116,BAY,1,Non-Insurance,"$1,575 USD",West
"Mon Dec 01, 8:30am CST",Chattanooga,43755728,2007,TOYOTA,FJ CRUISER," ","$4,300 USD",Salvage,YES,Front End,,Other,"Mon Dec 01, 12:47am CST",NO,SUVs,,"189,703 mi",Not Actual,Run & Drive,Intact Airbags,Key Available,Black,,"4.0L V-6 DOHC, VVT, 239HP",Gasoline,6 Cyl,JTEBU11F570027108,IAA United States,Automatic,,Four Wheel Drive,Sport Utility,Japan,NO,A,109,"DZ ",1,Non-Insurance,$0 USD,West
"Mon Dec 01, 8:30am CST",Chattanooga,43660394,2015,TOYOTA,RAV4,XLE,"$3,050 USD",Salvage,YES,Front End,Left & Right Side,Collision,"Mon Dec 01, 12:45am CST",NO,SUVs,,"153,202 mi",,Run & Drive,Intact Airbags,Key Available,White,,"2.5L I-4 DOHC, VVT, 176HP",Gasoline,4 Cyl,2T3WFREV8FW143333,IAA United States,Automatic,Tennessee Farmers Insurance,Front Wheel Drive,Sport Utility,Canada,NO,A,125,"SB ",12,Insurance,"$12,239 USD",West
"Mon Dec 01, 8:30am CST",Chattanooga,43771424,2009,TOYOTA,RAV4,BASE V6,$925 USD,Clear,NO,Repossession,Left & Right Side,Other,"Mon Dec 01, 12:48am CST",NO,SUVs,,"184,986 mi",,Run & Drive,Intact Airbags,Key Available,Red,,"3.5L V-6 DOHC, VVT, 269HP",Gasoline,6 Cyl,JTMZK33V89D001963,IAA United States,Automatic,,Front Wheel Drive,Sport Utility,Japan,NO,A,20,"SA ",29,Non-Insurance,$0 USD,West
"Mon Dec 01, 8:30am CST",Chattanooga,43684509,2003,TOYOTA,RAV4," ",$75 USD,Salvage,YES,Rear,Engine Damage,Collision,"Mon Dec 01, 12:46am CST",NO,SUVs,,"257,493 mi",,Run & Drive,Intact Airbags,Key Available,White,,"2.0L I-4 DOHC, VVT, 148HP",Gasoline,4 Cyl,JTEGH20VX30118605,IAA United States,Automatic,Tennessee Farmers Insurance,Front Wheel Drive,Sport Utility,Japan,NO,A,99,"SC ",13,Insurance,"$4,873 USD",West
"Mon Dec 01, 8:30am CST",Chattanooga,43691505,2014,TOYOTA,SIENNA,LE V6 8 PASSENGER,"$2,350 USD",Salvage,YES,Front End,Left & Right Side,Collision,"Mon Dec 01, 12:46am CST",NO,Vans,,"220,316 mi",,Run & Drive,Intact Airbags,Key Available,Gray,,"3.5L V-6 DOHC, VVT, 266HP",Gasoline,6 Cyl,5TDKK3DC6ES485127,IAA United States,Automatic,Tennessee Farmers Insurance,Front Wheel Drive,Passenger Van,United States,NO,A,114,"SD ",19,Insurance,"$8,904 USD",West
"Mon Dec 01, 8:30am CST",Chattanooga,43223492,2008,TOYOTA,TACOMA,PRERUNNER V6,"$1,900 USD",Salvage,YES,Front End,Right Side,Collision,"Mon Dec 01, 12:35am CST",NO,Automobiles,,"359,450 mi",Not Required/Exempt,Stationary,Intact Airbags,Key Available,Silver,,"4.0L V-6 DOHC, VVT, 236HP",Gasoline,6 Cyl,3TMJU62N98M066074,IAA United States,Automatic,Trexis Insurance,4X2 Drive,Double Cab,Mexico,NO,A,133,"SD ",5,Insurance,"$6,158 USD",West
"Mon Dec 01, 8:30am CST",Chattanooga,43140535,2016,TOYOTA,TUNDRA,LIMITED 5.7L V8,"$8,400 USD",Salvage,YES,Front End,All Over,Collision,"Mon Dec 01, 12:34am CST",NO,Automobiles,,"159,437 mi",,Stationary,Deployed Airbags,Key Available,Silver,,"5.7L V-8 DOHC, VVT, 381HP",Gasoline,8 Cyl,5TFHY5F13GX508246,IAA United States,Automatic,Tennessee Farmers Insurance,Four Wheel Drive,Crew Cab,United States,NO,A,94,"SB ",40,Insurance,"$27,306 USD",West
"Mon Dec 01, 8:30am CST",Chattanooga,41940953,1998,UNKNOWN,T10," ","$1,800 USD",Salvage,YES,Undercarriage,Frame,Other,"Mon Dec 01, 12:33am CST",NO,Trailers,,1 mi,,,,,White,Black,,Other,All Others,4EPAA3924WATA1836,IAA United States,,,Rear Wheel Drive,,,NO,A,83,"SP ",22,Non-Insurance,$0 USD,West
"Mon Dec 01, 8:30am CST",Chattanooga,43493172,2018,VOLKSWAGEN,ATLAS,3.6L V6 SEL,"$1,500 USD",Salvage,YES,Front End,Left & Right Side,Collision,"Mon Dec 01, 12:40am CST",NO,SUVs,,"129,954 mi",,Stationary,Deployed Airbags,Key Available,Red,,"3.6L V-6 DI, DOHC, VVT, 276HP",Gasoline,6 Cyl,1V2ER2CAXJC552292,IAA United States,Automatic,Tennessee Farmers Insurance,Front Wheel Drive,Sport Utility,United States,NO,A,77,"SD ",8,Insurance,"$14,994 USD",West
"Mon Dec 01, 8:30am CST",Chattanooga,43771488,2015,VOLKSWAGEN,JETTA,2.0L S,$675 USD,Clear,NO,Hail,,Other,"Mon Dec 01, 12:48am CST",NO,Automobiles,,"104,567 mi",,Run & Drive,Intact Airbags,Key Available,Gray,,2.0L I-4 115HP,Gasoline,4 Cyl,3VW2K7AJ8FM220332,IAA United States,Automatic,,Front Wheel Drive,Sedan,Mexico,NO,A,113,"SA ",31,Non-Insurance,$0 USD,West
"Mon Dec 01, 8:30am CST",Chattanooga,43563627,2012,VOLKSWAGEN,JETTA,2.5L SE,$25 USD,Clear,NO,Left & Right Side,Transmission Damage,Other,"Mon Dec 01, 12:42am CST",NO,Automobiles,,"200,940 mi",,Starts,Intact Airbags,Key Available,White,,"2.5L I-5 DOHC, VVT, 170HP",Gasoline,5 Cyl,3VWDX7AJ5CM340448,IAA United States,Automatic,Wheelzy,Front Wheel Drive,Sedan,Mexico,NO,A,81,"SC ",13,Non-Insurance,"$2,050 USD",West
"Mon Dec 01, 8:30am CST",Chattanooga,43597459,2014,VOLKSWAGEN,PASSAT,1.8T SEL PREMIUM,$25 USD,Clear,NO,Right Side,Engine Damage,Other,"Mon Dec 01, 12:43am CST",NO,Automobiles,,"161,285 mi",,Stationary,Intact Airbags,Key Available,Black,,"1.8L I-4 DI, DOHC, VVT, turbo, 170HP",Gasoline,4 Cyl,1VWCT7A30EC051328,IAA United States,Automatic,Wheelzy,Front Wheel Drive,Sedan,United States,NO,A,33,"SB ",23,Non-Insurance,$365 USD,West
"Mon Dec 01, 8:30am CST",Chattanooga,43636771,2006,VOLKSWAGEN,PASSAT,2.0T,,Clear,NO,Normal Wear & Tear,,,"Mon Dec 01, 12:44am CST",NO,Automobiles,,"222,848 mi",,Run & Drive,Intact Airbags,Key Available,Black,,"2.0L I-4 DI, DOHC, VVT, turbo, 200HP",Gasoline,4 Cyl,WVWAK73C96P095705,IAA United States,Automatic,TitleMax,Front Wheel Drive,Sedan,Germany,NO,A,52,"SB ",10,Non-Insurance,$550 USD,West
"Mon Dec 01, 8:30am CST",Chattanooga,43212807,2009,VOLVO,XC70,T6,,Non-Repairable,NO,Left & Right Side,Mechanical,Other,"Mon Dec 01, 12:35am CST",NO,Automobiles,,"140,715 mi",,Run & Drive,Intact Airbags,Key Available,White,,"3.0L I-6 DOHC, VVT, turbo, 281HP",Gasoline,6 Cyl,YV4BZ992791059879,IAA United States,Automatic,,All-Wheel Drive,Wagon,Sweden,NO,A,92,"SC ",15,Non-Insurance,"$2,375 USD",West
"Mon Dec 01, 8:30am CST",Chattanooga,43390311,2013,VOLVO,XC90,3.2/3.2 PLATINUM/3.2 PREMIER PLUS,$25 USD,Clear,NO,Mechanical,Left & Right Side,Other,"Mon Dec 01, 12:37am CST",NO,SUVs,,"196,201 mi",,Run & Drive,Intact Airbags,Key Available,Light Blue,,"3.2L I-6 DOHC, VVT, 240HP",Gasoline,6 Cyl,YV4952CZ7D1636782,IAA United States,Automatic,Wheelzy,All-Wheel Drive,Utility,Sweden,NO,A,58,"SB ",22,Non-Insurance,"$3,125 USD",West
